{
    "root_group": {
        "groups": {},
        "checks": {},
        "name": "",
        "path": "",
        "id": "d41d8cd98f00b204e9800998ecf8427e"
    },
    "metrics": {
        "http_req_waiting": {
            "avg": 270.5740078823899,
            "min": 238.4306,
            "med": 253.0897,
            "max": 2252.4206,
            "p(90)": 275.1906,
            "p(95)": 294.46826
        },
        "http_req_blocked": {
            "avg": 11.236819361901777,
            "min": 0,
            "med": 0,
            "max": 710.7614,
            "p(90)": 0,
            "p(95)": 0
        },
        "iteration_duration": {
            "avg": 282.76012711917474,
            "min": 238.4306,
            "med": 253.6338,
            "max": 2252.4206,
            "p(90)": 280.67490000000004,
            "p(95)": 315.62016
        },
        "http_reqs": {
            "count": 3197,
            "rate": 104.40664662575043
        },
        "http_req_duration": {
            "avg": 271.2696580544259,
            "min": 238.4306,
            "med": 253.3213,
            "max": 2252.4206,
            "p(90)": 275.47062,
            "p(95)": 294.75506
        },
        "iterations": {
            "count": 3197,
            "rate": 104.40664662575043
        },
        "vus_max": {
            "value": 30,
            "min": 30,
            "max": 30
        },
        "http_req_connecting": {
            "avg": 4.791189333750392,
            "min": 0,
            "med": 0,
            "max": 267.1073,
            "p(90)": 0,
            "p(95)": 0
        },
        "http_req_tls_handshaking": {
            "med": 0,
            "max": 304.5681,
            "p(90)": 0,
            "p(95)": 0,
            "avg": 5.089510165780417,
            "min": 0
        },
        "http_req_duration{expected_response:true}": {
            "max": 2252.4206,
            "p(90)": 275.47062,
            "p(95)": 294.75506,
            "avg": 271.2696580544259,
            "min": 238.4306,
            "med": 253.3213
        },
        "http_req_receiving": {
            "avg": 0.6583667813575231,
            "min": 0,
            "med": 0,
            "max": 498.3074,
            "p(90)": 0.75378,
            "p(95)": 1.00794
        },
        "vus": {
            "value": 30,
            "min": 30,
            "max": 30
        },
        "data_received": {
            "count": 37117316,
            "rate": 1212165.9353482367
        },
        "http_req_sending": {
            "med": 0,
            "max": 7.2425,
            "p(90)": 0,
            "p(95)": 0,
            "avg": 0.037283390678761325,
            "min": 0
        },
        "http_req_failed": {
            "passes": 0,
            "fails": 3197,
            "value": 0
        },
        "data_sent": {
            "count": 334666,
            "rate": 10929.419705865936
        }
    }
}